{
    "metrics": {
        "http_req_receiving": {
            "avg": 0.06597022885572139,
            "min": 0.015931,
            "med": 0.05621,
            "max": 0.212966,
            "p(90)": 0.104353,
            "p(95)": 0.129533
        },
        "checks": {
            "passes": 600,
            "fails": 0,
            "value": 1
        },
        "http_req_sending": {
            "min": 0.005981,
            "med": 0.014458,
            "max": 0.329905,
            "p(90)": 0.045098,
            "p(95)": 0.065508,
            "avg": 0.02414141791044774
        },
        "vus_max": {
            "value": 10,
            "min": 10,
            "max": 10
        },
        "data_sent": {
            "count": 100804,
            "rate": 4975.523181134169
        },
        "http_req_tls_handshaking": {
            "max": 0,
            "p(90)": 0,
            "p(95)": 0,
            "avg": 0,
            "min": 0,
            "med": 0
        },
        "data_received": {
            "count": 163655,
            "rate": 8077.74737320456
        },
        "iterations": {
            "rate": 9.871678070580868,
            "count": 200
        },
        "http_req_waiting": {
            "med": 6.540911,
            "max": 62.896427,
            "p(90)": 13.994003,
            "p(95)": 23.873616,
            "avg": 8.578111781094531,
            "min": 2.897032
        },
        "http_req_failed": {
            "passes": 0,
            "fails": 201,
            "value": 0
        },
        "vus": {
            "value": 10,
            "min": 10,
            "max": 10
        },
        "http_req_duration": {
            "avg": 8.668223427860694,
            "min": 2.97543,
            "med": 6.604977,
            "max": 63.254428,
            "p(90)": 14.209444,
            "p(95)": 24.082764
        },
        "http_req_duration{expected_response:true}": {
            "p(90)": 14.209444,
            "p(95)": 24.082764,
            "avg": 8.668223427860694,
            "min": 2.97543,
            "med": 6.604977,
            "max": 63.254428
        },
        "iteration_duration": {
            "avg": 1009.2172098599999,
            "min": 1003.390099,
            "med": 1007.3037985,
            "max": 1032.394579,
            "p(90)": 1014.161837,
            "p(95)": 1022.9908715999999
        },
        "http_reqs": {
            "rate": 9.921036460933774,
            "count": 201
        },
        "http_req_blocked": {
            "p(95)": 1.719826,
            "avg": 0.1299010995024876,
            "min": 0.001793,
            "med": 0.003997,
            "max": 3.11096,
            "p(90)": 0.010741
        },
        "http_req_connecting": {
            "p(95)": 1.091152,
            "avg": 0.11302067661691542,
            "min": 0,
            "med": 0,
            "max": 2.739463,
            "p(90)": 0
        }
    },
    "setup_data": {
        "token": "Bearer eyJhbGciOiJIUzI1NiIsInR5cCI6IkpXVCJ9.eyJpZCI6IjY4ZmUwN2JmOGM4MjgwMDAzMjMxNzBhZCIsImlhdCI6MTc2MTQ4MDc2MCwiZXhwIjoxNzYyMDg1NTYwfQ.7Fjqf8-uuS86wTfYT6PcOKtcFuu4Y6sq7x_eOOYZ2bE"
    },
    "root_group": {
        "groups": {},
        "checks": {
                "status 200": {
                    "passes": 200,
                    "fails": 0,
                    "name": "status 200",
                    "path": "::status 200",
                    "id": "fad9fa412b86fcb03bee97c80dcd61f1"
                },
                "has address": {
                    "name": "has address",
                    "path": "::has address",
                    "id": "83062916e2b227ae662eaf776251b2bb",
                    "passes": 200,
                    "fails": 0
                },
                "success true": {
                    "passes": 200,
                    "fails": 0,
                    "name": "success true",
                    "path": "::success true",
                    "id": "8ec29028335e992234fade5da8528fab"
                }
            },
        "name": "",
        "path": "",
        "id": "d41d8cd98f00b204e9800998ecf8427e"
    }
}