{
    "metrics": {
        "http_req_tls_handshaking": {
            "max": 0,
            "p(90)": 0,
            "p(95)": 0,
            "avg": 0,
            "min": 0,
            "med": 0
        },
        "iteration_duration": {
            "avg": 207.0752742422467,
            "min": 202.11911,
            "med": 206.4533835,
            "max": 241.721911,
            "p(90)": 210.7112636,
            "p(95)": 212.43783145
        },
        "http_req_duration{expected_response:true}": {
            "avg": 6.45498936756266,
            "min": 1.792153,
            "med": 5.808507,
            "max": 63.068133,
            "p(90)": 10.083207,
            "p(95)": 11.803818199999998
        },
        "data_received": {
            "count": 41375869,
            "rate": 196840.66212288593
        },
        "http_req_waiting": {
            "min": 1.662625,
            "med": 5.72655,
            "max": 62.788197,
            "p(90)": 10.0066614,
            "p(95)": 11.727154399999998,
            "avg": 6.373389860282498
        },
        "http_req_receiving": {
            "p(95)": 0.1211807999999999,
            "avg": 0.06475960018223223,
            "min": -1.286515,
            "med": 0.057941,
            "max": 0.982314,
            "p(90)": 0.1014946
        },
        "http_req_sending": {
            "p(95)": 0.04184,
            "avg": 0.016839907097949792,
            "min": 0.004238,
            "med": 0.012404,
            "max": 0.431336,
            "p(90)": 0.032142
        },
        "http_req_connecting": {
            "min": 0,
            "med": 0,
            "max": 27.297024,
            "p(90)": 0,
            "p(95)": 0,
            "avg": 0.003815261011389521
        },
        "http_req_blocked": {
            "avg": 0.00952733922551275,
            "min": 0.001463,
            "med": 0.004549,
            "max": 27.464716,
            "p(90)": 0.008617,
            "p(95)": 0.01056
        },
        "checks": {
            "passes": 164622,
            "fails": 0,
            "value": 1
        },
        "vus_max": {
            "value": 100,
            "min": 100,
            "max": 100
        },
        "http_req_duration": {
            "p(90)": 10.083207,
            "p(95)": 11.803818199999998,
            "avg": 6.45498936756266,
            "min": 1.792153,
            "med": 5.808507,
            "max": 63.068133,
            "thresholds": {
                "p(95)<1500": false
            }
        },
        "data_sent": {
            "count": 18931752,
            "rate": 90065.50651120511
        },
        "http_reqs": {
            "count": 54875,
            "rate": 261.0611352717055
        },
        "http_req_failed": {
            "passes": 0,
            "fails": 54875,
            "thresholds": {
                "rate<0.05": false
            },
            "value": 0
        },
        "iterations": {
            "count": 54874,
            "rate": 261.0563778933862
        },
        "vus": {
            "value": 1,
            "min": 1,
            "max": 100
        }
    },
    "setup_data": {
        "token": "Bearer eyJhbGciOiJIUzI1NiIsInR5cCI6IkpXVCJ9.eyJpZCI6IjY4ZmY3ZDM4NWMyNzJmMDAzMmRiYjAyZCIsImlhdCI6MTc2MTU3NjYwNywiZXhwIjoxNzYyMTgxNDA3fQ.fHknsFvI12c9rnXZW-EFz20gDIgEZ8u_KOcwGRoqzDY"
    },
    "root_group": {
        "path": "",
        "id": "d41d8cd98f00b204e9800998ecf8427e",
        "groups": {},
        "checks": {
                "status 200": {
                    "passes": 54874,
                    "fails": 0,
                    "name": "status 200",
                    "path": "::status 200",
                    "id": "fad9fa412b86fcb03bee97c80dcd61f1"
                },
                "is JSON": {
                    "passes": 54874,
                    "fails": 0,
                    "name": "is JSON",
                    "path": "::is JSON",
                    "id": "4e9f56e57a56cd942e219b9ee3692543"
                },
                "returns address array": {
                    "name": "returns address array",
                    "path": "::returns address array",
                    "id": "5d7ab36744131ca14801599fbb0a7182",
                    "passes": 54874,
                    "fails": 0
                }
            },
        "name": ""
    }
}