{
    "metrics": {
        "http_req_connecting": {
            "avg": 0.008366854149715214,
            "min": 0,
            "med": 0,
            "max": 3.174736,
            "p(90)": 0,
            "p(95)": 0
        },
        "http_req_waiting": {
            "p(95)": 11.4865945,
            "avg": 7.1055288266883565,
            "min": 2.225352,
            "med": 6.843495000000001,
            "max": 63.254462,
            "p(90)": 10.194088
        },
        "iterations": {
            "count": 4915,
            "rate": 54.487410383568104
        },
        "vus": {
            "value": 1,
            "min": 1,
            "max": 20
        },
        "http_req_duration{expected_response:true}": {
            "avg": 7.201227521562256,
            "min": 2.282117,
            "med": 6.950461,
            "max": 63.756728,
            "p(90)": 10.307479,
            "p(95)": 11.57829825
        },
        "http_reqs": {
            "count": 4916,
            "rate": 54.49849632667768
        },
        "http_req_receiving": {
            "avg": 0.07284051240846212,
            "min": 0.013366,
            "med": 0.0607265,
            "max": 0.746293,
            "p(90)": 0.124239,
            "p(95)": 0.15580425
        },
        "http_req_blocked": {
            "p(90)": 0.011081500000000001,
            "p(95)": 0.0126865,
            "avg": 0.015930677379983722,
            "min": 0.001513,
            "med": 0.005441,
            "max": 3.503933
        },
        "data_received": {
            "count": 3706783,
            "rate": 41093.18545754501
        },
        "http_req_duration": {
            "avg": 7.201227521562256,
            "min": 2.282117,
            "med": 6.950461,
            "max": 63.756728,
            "p(90)": 10.307479,
            "p(95)": 11.57829825
        },
        "http_req_sending": {
            "max": 0.671364,
            "p(90)": 0.043714,
            "p(95)": 0.0559905,
            "avg": 0.02285818246541906,
            "min": 0.004368,
            "med": 0.015069
        },
        "http_req_failed": {
            "passes": 0,
            "fails": 4916,
            "value": 0
        },
        "checks": {
            "passes": 14745,
            "fails": 0,
            "value": 1
        },
        "data_sent": {
            "count": 1695897,
            "rate": 18800.617661701323
        },
        "vus_max": {
            "max": 20,
            "value": 20,
            "min": 20
        },
        "iteration_duration": {
            "p(90)": 210.98184859999998,
            "p(95)": 212.1863865,
            "avg": 207.89146760345923,
            "min": 202.671404,
            "med": 207.639312,
            "max": 221.958875
        },
        "http_req_tls_handshaking": {
            "avg": 0,
            "min": 0,
            "med": 0,
            "max": 0,
            "p(90)": 0,
            "p(95)": 0
        }
    },
    "setup_data": {
        "token": "Bearer eyJhbGciOiJIUzI1NiIsInR5cCI6IkpXVCJ9.eyJpZCI6IjY4ZmY3ZDM4NWMyNzJmMDAzMmRiYjAyZCIsImlhdCI6MTc2MTU3NDU3MywiZXhwIjoxNzYyMTc5MzczfQ.4OpdOFZf1Dc75OaCRaJkVvrr9KkPisbXQTer_ySGruA"
    },
    "root_group": {
        "name": "",
        "path": "",
        "id": "d41d8cd98f00b204e9800998ecf8427e",
        "groups": {},
        "checks": {
                "status 200": {
                    "name": "status 200",
                    "path": "::status 200",
                    "id": "fad9fa412b86fcb03bee97c80dcd61f1",
                    "passes": 4915,
                    "fails": 0
                },
                "is JSON": {
                    "id": "4e9f56e57a56cd942e219b9ee3692543",
                    "passes": 4915,
                    "fails": 0,
                    "name": "is JSON",
                    "path": "::is JSON"
                },
                "returns address array": {
                    "passes": 4915,
                    "fails": 0,
                    "name": "returns address array",
                    "path": "::returns address array",
                    "id": "5d7ab36744131ca14801599fbb0a7182"
                }
            }
    }
}