{
    "root_group": {
        "name": "",
        "path": "",
        "id": "d41d8cd98f00b204e9800998ecf8427e",
        "groups": {},
        "checks": {
                "status 200": {
                    "name": "status 200",
                    "path": "::status 200",
                    "id": "fad9fa412b86fcb03bee97c80dcd61f1",
                    "passes": 221,
                    "fails": 0
                },
                "returns array": {
                    "id": "db97344e97f20078e39db9f214ed76aa",
                    "passes": 221,
                    "fails": 0,
                    "name": "returns array",
                    "path": "::returns array"
                }
            }
    },
    "metrics": {
        "http_req_failed": {
            "passes": 0,
            "fails": 222,
            "value": 0
        },
        "data_received": {
            "count": 8998446,
            "rate": 221592.02186637302
        },
        "http_reqs": {
            "count": 222,
            "rate": 5.466880487401359
        },
        "http_req_tls_handshaking": {
            "p(90)": 0,
            "p(95)": 0,
            "avg": 0,
            "min": 0,
            "med": 0,
            "max": 0
        },
        "http_req_blocked": {
            "avg": 0.14035734234234237,
            "min": 0.003507,
            "med": 0.006227,
            "max": 3.770451,
            "p(90)": 0.013812800000000005,
            "p(95)": 0.020715099999999965
        },
        "vus_max": {
            "min": 10,
            "max": 10,
            "value": 10
        },
        "http_req_duration{expected_response:true}": {
            "avg": 11.716958189189178,
            "min": 8.884062,
            "med": 10.231094500000001,
            "max": 63.511738,
            "p(90)": 15.3105748,
            "p(95)": 18.803977
        },
        "http_req_connecting": {
            "p(95)": 0,
            "avg": 0.11715746846846847,
            "min": 0,
            "med": 0,
            "max": 3.579513,
            "p(90)": 0
        },
        "http_req_sending": {
            "avg": 0.042865414414414396,
            "min": 0.012034,
            "med": 0.0384855,
            "max": 0.408081,
            "p(90)": 0.0637588,
            "p(95)": 0.08153414999999996
        },
        "http_req_waiting": {
            "med": 9.175119,
            "max": 63.071799,
            "p(90)": 13.997941100000002,
            "p(95)": 17.2768435,
            "avg": 10.569040117117122,
            "min": 7.719999
        },
        "data_sent": {
            "count": 76467,
            "rate": 1883.044820856395
        },
        "checks": {
            "passes": 442,
            "fails": 0,
            "value": 1
        },
        "iteration_duration": {
            "avg": 1012.7497467466062,
            "min": 1009.952393,
            "med": 1011.441527,
            "max": 1030.413063,
            "p(90)": 1017.066704,
            "p(95)": 1020.399107
        },
        "iterations": {
            "count": 221,
            "rate": 5.442254899620272
        },
        "http_req_duration": {
            "avg": 11.716958189189178,
            "min": 8.884062,
            "med": 10.231094500000001,
            "max": 63.511738,
            "p(90)": 15.3105748,
            "p(95)": 18.803977
        },
        "http_req_receiving": {
            "avg": 1.1050526576576574,
            "min": 0.270785,
            "med": 1.0582445,
            "max": 3.485404,
            "p(90)": 1.3318156,
            "p(95)": 1.4707240499999992
        },
        "vus": {
            "min": 1,
            "max": 10,
            "value": 2
        }
    },
    "setup_data": {
        "token": "Bearer eyJhbGciOiJIUzI1NiIsInR5cCI6IkpXVCJ9.eyJpZCI6IjY4ZmUwN2JmOGM4MjgwMDAzMjMxNzBhZCIsImlhdCI6MTc2MTQ4MDg3OCwiZXhwIjoxNzYyMDg1Njc4fQ.3lTUW7GmZ2SaBL6Gk0rZiYV_HWzZqXf2LR5XP4lsNCE"
    }
}