{
    "metrics": {
        "data_received": {
            "count": 249188,
            "rate": 6177.073194753173
        },
        "http_req_blocked": {
            "avg": 0.10557764156626495,
            "min": 0.003337,
            "med": 0.0087365,
            "max": 3.405505,
            "p(90)": 0.015268900000000014,
            "p(95)": 0.10691419999999967
        },
        "http_req_duration{expected_response:true}": {
            "avg": 5.184364207831321,
            "min": 2.971505,
            "med": 4.3373065,
            "max": 61.236958,
            "p(90)": 6.933406000000001,
            "p(95)": 7.278190449999999
        },
        "vus_max": {
            "min": 15,
            "max": 15,
            "value": 15
        },
        "http_req_sending": {
            "avg": 0.04422332530120482,
            "min": 0.008416,
            "med": 0.043514,
            "max": 0.172852,
            "p(90)": 0.06531090000000002,
            "p(95)": 0.08450269999999996
        },
        "http_req_failed": {
            "passes": 0,
            "fails": 332,
            "value": 0
        },
        "http_reqs": {
            "count": 332,
            "rate": 8.229883865427121
        },
        "http_req_connecting": {
            "min": 0,
            "med": 0,
            "max": 3.030218,
            "p(90)": 0,
            "p(95)": 0,
            "avg": 0.0840455421686747
        },
        "http_req_tls_handshaking": {
            "avg": 0,
            "min": 0,
            "med": 0,
            "max": 0,
            "p(90)": 0,
            "p(95)": 0
        },
        "data_sent": {
            "count": 122826,
            "rate": 3044.709986912505
        },
        "http_req_receiving": {
            "avg": 0.11604407228915675,
            "min": 0.033465,
            "med": 0.1068355,
            "max": 0.387316,
            "p(90)": 0.17402580000000004,
            "p(95)": 0.18978489999999998
        },
        "checks": {
            "fails": 0,
            "passes": 660,
            "value": 1
        },
        "vus": {
            "value": 1,
            "min": 1,
            "max": 15
        },
        "http_req_duration": {
            "max": 61.236958,
            "p(90)": 6.933406000000001,
            "p(95)": 7.278190449999999,
            "avg": 5.184364207831321,
            "min": 2.971505,
            "med": 4.3373065
        },
        "http_req_waiting": {
            "p(90)": 6.704667700000001,
            "p(95)": 7.0295403,
            "avg": 5.024096810240966,
            "min": 2.825753,
            "med": 4.202602499999999,
            "max": 60.776992
        },
        "iteration_duration": {
            "min": 1003.301959,
            "med": 1005.5548985,
            "max": 1010.67938,
            "p(90)": 1007.9685497,
            "p(95)": 1008.4520487,
            "avg": 1005.9508938272724
        },
        "iterations": {
            "rate": 8.180306251779971,
            "count": 330
        }
    },
    "setup_data": {
        "addressId": "68ff7d625c272f0032dbb02e",
        "token": "Bearer eyJhbGciOiJIUzI1NiIsInR5cCI6IkpXVCJ9.eyJpZCI6IjY4ZmY3ZDM4NWMyNzJmMDAzMmRiYjAyZCIsImlhdCI6MTc2MTU3NDI0MiwiZXhwIjoxNzYyMTc5MDQyfQ.ZM93WWcZVVPKjbxE8RtQXVPbseDMd3BC1NfRwAWgO8s"
    },
    "root_group": {
        "name": "",
        "path": "",
        "id": "d41d8cd98f00b204e9800998ecf8427e",
        "groups": {},
        "checks": {
                "status 200": {
                    "name": "status 200",
                    "path": "::status 200",
                    "id": "fad9fa412b86fcb03bee97c80dcd61f1",
                    "passes": 330,
                    "fails": 0
                },
                "is JSON": {
                    "path": "::is JSON",
                    "id": "4e9f56e57a56cd942e219b9ee3692543",
                    "passes": 330,
                    "fails": 0,
                    "name": "is JSON"
                }
            }
    }
}